Num Neighbours,CLIP Score Real,CLIP Score Generated,CLIP Score Coco,Pick score retrieval vs gen,Pick score gen vs coco,Pick score retrieval vs coco,Inception Score Real,Inception Score Generated,Inception Score Coco,FID retrieval vs gen,FID gen vs coco,FID retrieval vs coco
1,31.4385,30.9246,30.3002,0.4363678151695058,0.5793283226620406,0.5225733921143692,22.48274040222168,21.336782455444336,18.97549819946289,24.304210662841797,51.893341064453125,53.442893981933594
3,31.4385,31.1611,30.3002,0.45741068666242063,0.5793283226620406,0.5423612718414516,22.931900024414062,21.302379608154297,18.938657760620117,23.44598960876465,51.893341064453125,53.45622253417969
5,31.4385,31.2373,30.3002,0.4649274613689631,0.5793283226620406,0.5488127324031666,22.56715965270996,21.613615036010742,18.88239288330078,23.26752281188965,51.893341064453125,53.61514663696289
10,31.4385,31.2187,30.3002,0.466032429384999,0.5793283226620406,0.5499539926806465,22.703428268432617,21.38425636291504,18.827123641967773,23.557828903198242,51.893341064453125,54.406707763671875
