Value Margin Steps,CLIP Score (Original),CLIP Score (Retrieval),Pick Score,Inception Score (Original),Inception Score (Retrieval),FID Score
15,26.5914,25.3321,0.39706684488803146,5.81865930557251,5.261682033538818,79.66682434082031
20,26.5914,25.6188,0.4305434254743159,5.864050388336182,5.184514045715332,78.7435073852539
25,26.5914,26.0787,0.4742522855475545,5.608485698699951,5.580770015716553,73.26761627197266
27,26.5914,26.2277,0.481296980753541,5.806905269622803,6.111144542694092,67.30696105957031
