Num Neighbours,CLIP Score (Original),CLIP Score (Retrieval),Pick Score,Inception Score (Original),Inception Score (Retrieval),FID Score
1,26.5914,26.0787,0.4742522855475545,5.686777591705322,5.635350704193115,73.26761627197266
3,26.5914,26.2826,0.4798475378751755,5.6880645751953125,5.735252380371094,70.43460845947266
5,26.5914,26.3037,0.471980068385601,5.728769302368164,5.834896087646484,69.69964599609375
10,26.5914,26.3876,0.487634030431509,5.729929447174072,5.624936103820801,70.16918182373047
